Gender,Married,Dependents,Education,Self_Employed,ApplicantIncome,CoapplicantIncome,LoanAmount,Loan_Amount_Term,Credit_History,Property_Area,Loan_Status
Male,Yes,1,Graduate,No,10608.0,3067.0,147.0,360,1,Rural,Y
Female,Yes,2,Graduate,No,8263.0,216.0,129.0,240,1,Urban,Y
Female,No,3+,Not Graduate,No,3324.0,1901.0,20.0,360,1,Urban,N
Male,No,1,Graduate,No,6625.0,2198.0,218.0,360,1,Semiurban,Y
Male,No,0,Graduate,Yes,3371.0,1338.0,140.0,180,1,Semiurban,N
Female,No,3+,Graduate,No,1500.0,2288.0,113.0,360,1,Semiurban,Y
Male,No,0,Graduate,No,7443.0,1147.0,109.0,360,1,Urban,Y
Female,Yes,2,Graduate,Yes,7752.0,497.0,168.0,360,1,Semiurban,Y
Male,Yes,0,Graduate,No,7501.0,4329.0,87.0,360,0,Semiurban,N
Male,No,0,Graduate,No,4166.0,3383.0,20.0,480,1,Semiurban,N
Female,Yes,3+,Graduate,Yes,4833.0,307.0,171.0,360,0,Semiurban,N
Female,No,0,Not Graduate,No,6849.0,2566.0,179.0,360,0,Semiurban,N
Female,No,2,Graduate,Yes,6061.0,337.0,132.0,360,1,Semiurban,Y
Female,Yes,2,Graduate,No,4334.0,0.0,70.0,360,1,Urban,Y
Female,No,0,Graduate,No,1638.0,3357.0,151.0,360,1,Semiurban,Y
Female,No,0,Graduate,No,5451.0,0.0,50.0,360,1,Urban,Y
Female,Yes,3+,Graduate,No,7574.0,3176.0,78.0,360,1,Urban,Y
Male,Yes,2,Graduate,Yes,2565.0,1170.0,96.0,300,0,Semiurban,N
Female,No,0,Graduate,No,6605.0,1240.0,200.0,360,1,Urban,Y
Male,No,3+,Graduate,No,5929.0,2297.0,121.0,480,1,Urban,N
Female,Yes,1,Graduate,No,6850.0,2588.0,116.0,360,0,Semiurban,N
Male,No,0,Graduate,Yes,7118.0,195.0,272.0,480,1,Semiurban,Y
Male,Yes,3+,Not Graduate,Yes,3672.0,2820.0,168.0,360,0,Rural,N
Female,No,0,Graduate,No,1643.0,1793.0,167.0,300,0,Rural,N
Female,No,2,Graduate,No,4026.0,0.0,121.0,240,1,Rural,Y
Female,Yes,3+,Not Graduate,No,7156.0,1311.0,106.0,360,1,Semiurban,N
Male,No,2,Graduate,No,4008.0,3948.0,20.0,360,1,Urban,Y
Female,No,2,Graduate,No,3673.0,4450.0,208.0,360,1,Semiurban,N
Female,No,1,Not Graduate,No,1500.0,2819.0,174.0,360,1,Semiurban,Y
Male,Yes,0,Graduate,No,9056.0,0.0,133.0,360,0,Semiurban,N
Male,Yes,2,Graduate,Yes,7017.0,2434.0,136.0,360,0,Urban,N
Male,Yes,3+,Graduate,No,6894.0,3046.0,193.0,360,1,Urban,Y
Male,Yes,0,Graduate,No,7329.0,2834.0,44.0,360,1,Urban,Y
Female,Yes,3+,Graduate,No,6469.0,2934.0,107.0,360,1,Urban,Y
Female,No,1,Graduate,Yes,4662.0,2218.0,71.0,360,1,Urban,Y
Male,No,2,Graduate,No,4840.0,1477.0,260.0,480,0,Rural,N
Female,No,0,Graduate,No,4259.0,566.0,202.0,360,1,Urban,Y
Female,Yes,2,Graduate,Yes,10996.0,0.0,20.0,360,1,Semiurban,Y
Male,Yes,0,Graduate,No,6423.0,2177.0,47.0,240,0,Rural,N
Female,No,1,Graduate,No,4180.0,1916.0,136.0,360,1,Semiurban,Y
Male,Yes,2,Not Graduate,No,6224.0,2548.0,114.0,360,1,Semiurban,Y
Female,No,0,Graduate,No,2976.0,0.0,59.0,360,1,Semiurban,Y
Female,No,1,Graduate,No,8510.0,2697.0,271.0,360,1,Urban,Y
Male,Yes,2,Graduate,No,3746.0,5093.0,165.0,120,1,Semiurban,Y
Male,Yes,0,Graduate,No,6302.0,1733.0,176.0,360,1,Rural,Y
Female,Yes,1,Graduate,Yes,7545.0,1495.0,100.0,480,1,Semiurban,Y
Male,Yes,1,Graduate,No,6046.0,2125.0,192.0,360,0,Rural,N
Female,Yes,2,Graduate,No,5408.0,5055.0,120.0,300,1,Rural,Y
Female,No,3+,Not Graduate,Yes,5224.0,0.0,127.0,360,1,Semiurban,Y
Female,No,3+,Not Graduate,No,5076.0,1945.0,185.0,360,0,Semiurban,N
Female,No,0,Graduate,No,3931.0,241.0,39.0,360,1,Semiurban,Y
Male,No,0,Graduate,Yes,4211.0,670.0,249.0,360,1,Semiurban,Y
Male,No,0,Graduate,No,8455.0,1516.0,157.0,360,1,Semiurban,Y
Male,Yes,2,Graduate,No,4961.0,3890.0,228.0,360,1,Semiurban,Y
Male,Yes,0,Graduate,No,3471.0,4662.0,75.0,360,1,Rural,Y
Male,No,0,Not Graduate,No,4064.0,2362.0,85.0,180,1,Urban,Y
Female,Yes,3+,Graduate,No,7621.0,960.0,69.0,360,0,Semiurban,N
Male,Yes,3+,Not Graduate,No,6686.0,5838.0,161.0,360,1,Urban,Y
Female,No,3+,Graduate,Yes,6433.0,873.0,149.0,360,0,Semiurban,N
Female,No,1,Not Graduate,Yes,4633.0,629.0,115.0,180,0,Semiurban,Y
Female,No,2,Graduate,No,6461.0,0.0,79.0,360,1,Semiurban,Y
Female,No,2,Graduate,No,3784.0,3973.0,63.0,360,1,Semiurban,Y
Male,Yes,0,Graduate,No,4629.0,3246.0,142.0,180,1,Semiurban,Y
Female,No,2,Not Graduate,Yes,7334.0,5710.0,115.0,240,0,Urban,N
Male,No,2,Graduate,No,7123.0,0.0,100.0,240,1,Urban,Y
Male,No,1,Not Graduate,No,3040.0,4079.0,246.0,360,1,Urban,Y
Female,No,3+,Graduate,No,3318.0,1719.0,140.0,480,0,Rural,N
Male,No,2,Not Graduate,No,5439.0,2970.0,228.0,360,1,Urban,Y
Male,Yes,2,Graduate,No,8997.0,0.0,110.0,360,0,Rural,N
Male,Yes,2,Graduate,No,1500.0,4096.0,161.0,360,1,Urban,Y
Female,Yes,3+,Not Graduate,No,5812.0,2937.0,141.0,360,1,Semiurban,Y
Male,Yes,2,Graduate,No,2173.0,1534.0,35.0,360,1,Semiurban,Y
Male,Yes,1,Graduate,No,3804.0,2697.0,238.0,240,1,Semiurban,Y
Male,Yes,3+,Graduate,No,4398.0,299.0,136.0,360,1,Semiurban,Y
Female,No,2,Graduate,No,4275.0,615.0,194.0,360,1,Semiurban,Y
Male,No,3+,Graduate,No,4026.0,812.0,96.0,360,1,Rural,Y
Male,No,0,Graduate,No,5216.0,0.0,134.0,360,1,Semiurban,Y
Male,No,1,Graduate,No,4022.0,3065.0,89.0,360,1,Urban,Y
Female,No,3+,Not Graduate,No,1983.0,3626.0,225.0,360,1,Urban,Y
Female,No,2,Graduate,Yes,6916.0,408.0,165.0,360,1,Semiurban,Y
Female,Yes,3+,Graduate,No,6856.0,2192.0,169.0,180,1,Semiurban,Y
Male,No,0,Graduate,No,7055.0,1149.0,233.0,360,0,Semiurban,N
Male,Yes,0,Graduate,No,1810.0,2158.0,220.0,360,1,Semiurban,Y
Female,Yes,3+,Graduate,No,5858.0,533.0,195.0,360,1,Semiurban,Y
Female,No,1,Not Graduate,No,6687.0,98.0,53.0,180,1,Semiurban,Y
Female,No,2,Not Graduate,No,2931.0,3389.0,100.0,360,1,Semiurban,Y
Male,Yes,1,Graduate,No,5220.0,1491.0,80.0,360,1,Semiurban,Y
Male,Yes,1,Graduate,No,4944.0,5038.0,192.0,360,1,Semiurban,Y
Female,Yes,3+,Graduate,No,9253.0,1679.0,156.0,300,1,Rural,Y
Female,Yes,0,Graduate,No,9434.0,26.0,55.0,360,1,Semiurban,Y
Male,Yes,3+,Graduate,No,1538.0,3686.0,133.0,360,1,Rural,Y
Female,No,3+,Graduate,No,10687.0,2672.0,48.0,360,1,Urban,Y
Female,No,2,Graduate,No,3187.0,2836.0,142.0,360,1,Semiurban,Y
Male,No,1,Graduate,No,7357.0,3624.0,37.0,360,1,Semiurban,Y
Female,No,0,Graduate,No,7335.0,490.0,179.0,480,0,Semiurban,Y
Male,No,2,Graduate,No,3009.0,1384.0,170.0,360,1,Urban,Y
Male,No,1,Graduate,Yes,6285.0,1309.0,269.0,360,0,Semiurban,N
Female,Yes,0,Graduate,No,4963.0,0.0,200.0,360,0,Semiurban,N
Female,Yes,1,Graduate,Yes,6420.0,1152.0,118.0,360,1,Rural,Y
Male,No,3+,Graduate,No,5707.0,3872.0,198.0,360,1,Semiurban,Y
Female,Yes,1,Graduate,No,7832.0,2003.0,54.0,180,1,Urban,Y
Male,Yes,0,Graduate,Yes,5366.0,0.0,82.0,240,1,Semiurban,Y
Female,Yes,2,Graduate,No,4831.0,0.0,167.0,360,1,Semiurban,Y
Male,No,0,Graduate,No,7611.0,4430.0,20.0,360,1,Urban,Y
Female,Yes,3+,Not Graduate,No,6477.0,1446.0,143.0,480,1,Semiurban,Y
Female,No,3+,Not Graduate,No,6810.0,499.0,79.0,360,1,Semiurban,Y
Female,Yes,3+,Graduate,No,3738.0,1134.0,152.0,360,1,Urban,Y
Female,Yes,3+,Graduate,No,2900.0,0.0,75.0,360,1,Semiurban,Y
Male,Yes,0,Graduate,No,3951.0,4019.0,173.0,360,1,Semiurban,Y
Female,Yes,0,Not Graduate,No,3834.0,932.0,146.0,240,1,Semiurban,N
Male,No,1,Graduate,No,6930.0,3925.0,236.0,480,1,Semiurban,Y
Female,Yes,1,Not Graduate,No,7347.0,1688.0,145.0,180,1,Urban,Y
Female,Yes,3+,Graduate,No,4859.0,4030.0,95.0,360,1,Rural,Y
Male,No,2,Graduate,No,8348.0,2036.0,129.0,360,1,Semiurban,Y
Female,No,2,Graduate,Yes,8211.0,3050.0,58.0,360,1,Urban,Y
Female,Yes,3+,Graduate,No,5735.0,2822.0,171.0,360,1,Rural,Y
Male,No,2,Graduate,No,3392.0,2660.0,183.0,360,1,Urban,Y
Male,No,1,Graduate,Yes,8666.0,2191.0,305.0,300,1,Semiurban,Y
Male,Yes,1,Graduate,Yes,5066.0,1204.0,105.0,360,1,Semiurban,Y
Male,No,2,Not Graduate,No,5478.0,4856.0,128.0,300,0,Rural,N
Male,No,0,Graduate,No,4453.0,58.0,108.0,360,1,Rural,Y
Female,No,2,Graduate,Yes,3242.0,1607.0,159.0,360,1,Urban,N
Female,Yes,2,Graduate,No,1969.0,1625.0,170.0,300,1,Semiurban,Y
Male,Yes,2,Not Graduate,No,6592.0,2284.0,142.0,300,1,Urban,Y
Female,Yes,2,Graduate,No,3477.0,870.0,216.0,360,1,Semiurban,Y
Female,No,3+,Not Graduate,No,11931.0,2135.0,105.0,180,1,Semiurban,Y
Male,No,3+,Graduate,No,2811.0,1313.0,209.0,300,1,Urban,Y
Female,Yes,2,Graduate,No,2434.0,0.0,180.0,360,1,Urban,Y
Female,Yes,1,Graduate,Yes,6322.0,1616.0,144.0,480,1,Urban,Y
Female,No,0,Graduate,Yes,8564.0,0.0,125.0,360,1,Urban,Y
Female,No,3+,Graduate,No,5342.0,0.0,303.0,360,0,Urban,N
Female,No,3+,Graduate,No,6459.0,1833.0,92.0,480,1,Rural,Y
Male,Yes,2,Graduate,No,1500.0,2429.0,164.0,360,1,Semiurban,Y
Female,No,3+,Not Graduate,No,3709.0,2495.0,96.0,360,0,Semiurban,N
Female,Yes,3+,Not Graduate,No,2838.0,2564.0,261.0,360,1,Rural,Y
Male,No,3+,Not Graduate,No,1500.0,0.0,203.0,360,1,Semiurban,Y
Female,Yes,2,Graduate,No,5457.0,0.0,101.0,360,0,Semiurban,N
Male,Yes,0,Graduate,No,1500.0,4955.0,178.0,360,1,Rural,Y
Male,Yes,0,Not Graduate,No,2291.0,0.0,162.0,180,1,Semiurban,Y
Male,No,0,Graduate,No,4018.0,2638.0,111.0,360,1,Semiurban,Y
Female,No,1,Graduate,No,3371.0,432.0,194.0,300,1,Rural,N
Male,Yes,2,Not Graduate,No,6072.0,1735.0,170.0,360,1,Semiurban,Y
Male,No,1,Graduate,No,5872.0,523.0,159.0,240,1,Semiurban,Y
Male,Yes,0,Graduate,No,7166.0,2555.0,142.0,360,0,Rural,Y
Female,Yes,0,Not Graduate,No,6855.0,1833.0,173.0,360,1,Semiurban,Y
Female,Yes,3+,Graduate,No,7710.0,838.0,160.0,360,1,Rural,Y
Male,No,3+,Graduate,Yes,5196.0,0.0,149.0,240,1,Urban,Y
Male,Yes,1,Graduate,No,5868.0,2055.0,103.0,300,0,Urban,N
Female,No,3+,Graduate,No,6325.0,0.0,255.0,360,1,Semiurban,Y
Male,Yes,2,Graduate,Yes,5512.0,2327.0,77.0,360,0,Urban,N
Female,Yes,3+,Not Graduate,No,4326.0,6065.0,173.0,360,1,Rural,Y
Male,Yes,3+,Not Graduate,Yes,4469.0,3895.0,124.0,360,1,Urban,Y
Female,No,2,Graduate,No,3401.0,2821.0,259.0,300,1,Semiurban,Y
Male,Yes,1,Graduate,No,6128.0,1454.0,86.0,360,1,Urban,Y
Male,No,2,Not Graduate,No,4993.0,0.0,97.0,360,1,Rural,Y
Female,No,1,Graduate,No,3741.0,0.0,82.0,180,1,Semiurban,Y
Male,Yes,1,Graduate,Yes,3743.0,3781.0,166.0,480,1,Urban,Y
Female,No,2,Graduate,No,2537.0,257.0,56.0,240,1,Urban,N
Female,No,2,Graduate,No,7353.0,411.0,114.0,360,1,Semiurban,Y
Female,Yes,2,Graduate,Yes,5373.0,1318.0,20.0,360,1,Rural,Y
Female,Yes,1,Graduate,No,3302.0,0.0,161.0,360,1,Rural,Y
Female,Yes,1,Graduate,No,6979.0,0.0,112.0,360,1,Urban,Y
Male,No,0,Graduate,No,3967.0,1514.0,48.0,120,0,Semiurban,Y
Male,Yes,2,Graduate,No,2106.0,84.0,216.0,480,1,Urban,Y
Male,No,2,Graduate,No,7447.0,340.0,60.0,360,0,Semiurban,N
Female,No,3+,Graduate,No,4018.0,272.0,197.0,480,1,Semiurban,Y
Male,No,2,Graduate,No,4300.0,2488.0,99.0,360,1,Urban,Y
Male,Yes,1,Graduate,No,5291.0,1205.0,249.0,480,1,Semiurban,Y
Male,No,0,Graduate,No,7714.0,1296.0,194.0,360,1,Rural,Y
Male,Yes,0,Graduate,No,5244.0,2615.0,79.0,360,1,Urban,Y
Male,Yes,1,Graduate,No,2562.0,1359.0,85.0,360,1,Urban,Y
Male,Yes,1,Not Graduate,No,6397.0,1127.0,184.0,360,1,Urban,Y
Female,Yes,1,Graduate,No,4133.0,2400.0,128.0,360,1,Urban,N
Female,Yes,1,Not Graduate,No,9353.0,2736.0,134.0,360,1,Urban,Y
Female,Yes,3+,Not Graduate,No,5198.0,1350.0,228.0,240,0,Semiurban,N
Male,Yes,0,Graduate,No,1500.0,1737.0,96.0,360,1,Urban,N
Female,Yes,1,Graduate,No,5986.0,271.0,151.0,300,1,Semiurban,N
Male,No,0,Not Graduate,No,9478.0,137.0,207.0,480,1,Rural,N
Female,Yes,1,Graduate,No,8667.0,2908.0,198.0,240,1,Rural,Y
Female,No,2,Graduate,No,9228.0,2356.0,135.0,240,1,Semiurban,Y
Female,No,0,Graduate,No,2957.0,2374.0,126.0,360,1,Urban,Y
Male,No,1,Graduate,No,7207.0,2077.0,32.0,360,0,Urban,N
Male,No,0,Graduate,No,3612.0,1679.0,76.0,360,1,Urban,Y
Female,No,3+,Not Graduate,Yes,5693.0,2784.0,166.0,480,1,Rural,Y
Male,No,2,Not Graduate,No,2400.0,3190.0,136.0,360,0,Rural,N
Male,No,0,Graduate,No,3782.0,3149.0,150.0,360,1,Semiurban,Y
Male,No,0,Graduate,No,3712.0,1429.0,213.0,360,1,Urban,Y
Male,Yes,0,Graduate,No,7177.0,3958.0,68.0,360,1,Semiurban,Y
Male,Yes,1,Not Graduate,No,6962.0,1988.0,130.0,360,1,Urban,Y
Male,No,3+,Graduate,No,5809.0,2675.0,157.0,120,1,Rural,Y
Female,Yes,2,Not Graduate,Yes,2229.0,2080.0,99.0,360,1,Urban,Y
Female,No,3+,Not Graduate,No,4514.0,2020.0,238.0,360,1,Semiurban,Y
Female,Yes,1,Graduate,No,3559.0,349.0,204.0,300,1,Semiurban,Y
Male,Yes,1,Graduate,Yes,7113.0,2792.0,164.0,480,1,Urban,Y
Female,No,1,Not Graduate,No,7792.0,6437.0,262.0,360,1,Semiurban,Y
Male,No,0,Graduate,No,7524.0,963.0,48.0,300,1,Rural,Y
Male,No,3+,Graduate,Yes,3539.0,1721.0,144.0,360,0,Urban,N
Male,Yes,0,Not Graduate,No,1500.0,841.0,169.0,300,1,Semiurban,Y
Male,No,1,Graduate,No,1500.0,770.0,86.0,180,1,Semiurban,Y
Female,No,2,Graduate,No,8328.0,4226.0,165.0,360,1,Urban,Y
Male,No,0,Graduate,Yes,4317.0,456.0,73.0,240,0,Urban,N
Female,No,1,Graduate,No,3548.0,794.0,190.0,240,0,Urban,N
Male,No,1,Not Graduate,No,8814.0,0.0,214.0,360,1,Urban,Y
Female,No,1,Graduate,No,7983.0,312.0,163.0,180,1,Semiurban,Y
Male,Yes,0,Graduate,No,5254.0,0.0,25.0,360,1,Rural,Y
Male,No,0,Graduate,No,4555.0,2674.0,82.0,360,0,Semiurban,N
Female,No,0,Not Graduate,No,4909.0,6359.0,182.0,240,1,Rural,Y
Female,No,1,Graduate,No,5700.0,977.0,146.0,360,0,Semiurban,N
Male,No,0,Not Graduate,No,8720.0,0.0,20.0,240,0,Semiurban,N
Female,No,3+,Graduate,Yes,6129.0,3130.0,226.0,360,1,Semiurban,N
Male,Yes,0,Not Graduate,No,6797.0,364.0,154.0,180,1,Urban,Y
Female,No,2,Not Graduate,No,7772.0,3809.0,92.0,480,1,Urban,N
Female,Yes,2,Not Graduate,No,2627.0,1121.0,210.0,300,0,Semiurban,N
Male,Yes,1,Not Graduate,No,6861.0,526.0,101.0,360,0,Semiurban,N
Female,No,3+,Graduate,No,4552.0,1297.0,100.0,240,1,Semiurban,Y
Male,No,0,Not Graduate,Yes,1500.0,2888.0,168.0,300,1,Urban,N
Male,Yes,0,Graduate,Yes,1500.0,1213.0,261.0,360,1,Rural,Y
Male,Yes,1,Graduate,No,2960.0,756.0,251.0,360,1,Urban,Y
Male,Yes,0,Not Graduate,No,6369.0,1262.0,168.0,480,0,Rural,N
Female,Yes,1,Not Graduate,No,5450.0,0.0,175.0,120,1,Rural,Y
Male,Yes,1,Graduate,No,5606.0,2275.0,196.0,120,1,Rural,Y
Male,Yes,3+,Graduate,No,9492.0,0.0,63.0,360,1,Semiurban,Y
Female,No,1,Graduate,No,2408.0,845.0,187.0,360,0,Urban,N
Male,No,3+,Graduate,No,5140.0,2891.0,97.0,360,1,Semiurban,Y
Female,No,3+,Graduate,No,5870.0,2115.0,166.0,360,1,Semiurban,Y
Male,Yes,3+,Graduate,No,3580.0,2604.0,130.0,360,1,Semiurban,Y
Female,Yes,0,Graduate,No,5262.0,1489.0,178.0,240,1,Urban,Y
Female,Yes,3+,Graduate,Yes,1680.0,3589.0,153.0,360,1,Urban,Y
Female,No,2,Graduate,Yes,8302.0,3172.0,20.0,360,1,Urban,N
Male,Yes,3+,Graduate,No,3700.0,2358.0,157.0,360,1,Semiurban,Y
Male,Yes,1,Not Graduate,No,9669.0,3177.0,187.0,360,1,Semiurban,Y
Female,Yes,3+,Graduate,No,5129.0,2876.0,174.0,300,1,Rural,Y
Male,No,2,Graduate,Yes,7462.0,853.0,138.0,360,1,Semiurban,Y
Female,Yes,0,Graduate,No,5083.0,0.0,252.0,360,0,Semiurban,N
Male,Yes,1,Graduate,No,5132.0,2315.0,165.0,360,1,Urban,Y
Female,No,0,Not Graduate,No,3915.0,2528.0,173.0,480,1,Semiurban,Y
Female,No,3+,Graduate,Yes,5462.0,3454.0,213.0,360,1,Urban,Y
Male,Yes,1,Graduate,No,5900.0,8.0,169.0,120,1,Urban,Y
Male,Yes,0,Not Graduate,No,3475.0,59.0,87.0,360,1,Urban,Y
Female,No,2,Not Graduate,No,4925.0,2382.0,20.0,300,1,Urban,Y
Male,No,1,Graduate,No,3858.0,1479.0,114.0,360,1,Urban,Y
Female,No,0,Graduate,Yes,10259.0,0.0,194.0,240,1,Semiurban,Y
Male,Yes,3+,Graduate,No,5003.0,2238.0,122.0,360,1,Urban,Y
Female,Yes,3+,Graduate,No,8600.0,0.0,197.0,360,1,Urban,Y
Female,No,2,Graduate,No,4770.0,0.0,155.0,360,0,Urban,N
Male,Yes,2,Graduate,No,5770.0,3898.0,229.0,240,1,Semiurban,Y
Female,Yes,1,Not Graduate,No,2293.0,4702.0,126.0,360,1,Semiurban,Y
Male,No,2,Graduate,No,4216.0,0.0,175.0,360,1,Urban,Y
Female,No,2,Graduate,No,5663.0,1040.0,178.0,360,1,Urban,Y
Male,Yes,0,Graduate,No,8689.0,1672.0,243.0,240,1,Rural,N
Male,No,0,Not Graduate,No,5688.0,4628.0,34.0,360,1,Semiurban,Y
Male,Yes,1,Graduate,No,8244.0,762.0,115.0,360,1,Semiurban,Y
Male,No,1,Not Graduate,No,6610.0,789.0,200.0,360,1,Semiurban,Y
Male,No,0,Not Graduate,No,8780.0,4233.0,245.0,240,1,Rural,Y
Female,Yes,0,Graduate,No,5070.0,963.0,161.0,480,1,Rural,Y
Male,No,3+,Graduate,No,10458.0,2828.0,126.0,300,1,Semiurban,Y
Female,Yes,1,Graduate,No,4132.0,0.0,194.0,300,1,Semiurban,Y
Male,No,2,Graduate,No,3514.0,1309.0,201.0,240,1,Urban,Y
Male,Yes,2,Not Graduate,Yes,2538.0,0.0,122.0,360,1,Semiurban,Y
Female,Yes,2,Graduate,No,10328.0,0.0,166.0,360,1,Semiurban,Y
Female,No,2,Graduate,No,7003.0,3027.0,222.0,360,1,Urban,Y
Male,No,1,Graduate,No,4465.0,1515.0,268.0,360,1,Rural,N
Male,Yes,3+,Graduate,No,7948.0,1058.0,193.0,360,0,Rural,Y
Female,No,1,Graduate,Yes,6713.0,327.0,148.0,360,1,Urban,Y
Female,No,3+,Graduate,No,9525.0,1225.0,141.0,360,1,Rural,Y
Female,Yes,1,Graduate,Yes,1795.0,2112.0,181.0,360,1,Urban,Y
Male,No,0,Graduate,No,4616.0,3271.0,137.0,300,1,Semiurban,Y
Male,No,3+,Graduate,No,4182.0,0.0,157.0,480,1,Rural,Y
Female,Yes,0,Graduate,No,1500.0,186.0,76.0,360,1,Urban,N
Female,Yes,3+,Graduate,No,7533.0,1870.0,229.0,360,1,Semiurban,Y
Male,No,0,Not Graduate,No,4605.0,1432.0,71.0,360,1,Semiurban,N
Male,Yes,0,Graduate,No,6827.0,2286.0,117.0,360,1,Urban,Y
Male,No,2,Graduate,No,10391.0,2055.0,151.0,360,1,Semiurban,Y
Female,No,3+,Graduate,No,4423.0,1082.0,274.0,360,1,Urban,Y
Male,Yes,1,Graduate,No,4273.0,704.0,118.0,360,1,Semiurban,Y
Male,Yes,0,Graduate,Yes,5461.0,1183.0,102.0,360,1,Urban,Y
Male,No,0,Graduate,No,7372.0,3553.0,109.0,360,1,Urban,Y
Female,Yes,3+,Not Graduate,No,3953.0,356.0,253.0,360,1,Semiurban,Y
Male,Yes,2,Graduate,No,3812.0,1493.0,20.0,120,1,Urban,N
Male,No,0,Graduate,No,7526.0,1912.0,80.0,480,1,Semiurban,Y
Male,No,1,Graduate,No,6033.0,4253.0,323.0,360,1,Semiurban,Y
Male,No,1,Graduate,No,1500.0,1089.0,183.0,360,1,Semiurban,Y
Female,No,0,Graduate,No,2504.0,3230.0,73.0,360,1,Urban,Y
Male,No,3+,Graduate,No,8503.0,3694.0,142.0,360,1,Rural,Y
Male,Yes,2,Graduate,No,6084.0,1492.0,149.0,360,1,Semiurban,Y
Female,No,0,Graduate,Yes,3523.0,1242.0,200.0,480,1,Urban,N
Male,No,2,Not Graduate,No,4825.0,1041.0,265.0,360,1,Semiurban,Y
Female,No,1,Graduate,No,5229.0,1165.0,170.0,360,1,Semiurban,Y
Female,No,0,Not Graduate,No,6819.0,3052.0,110.0,360,1,Semiurban,Y
Male,Yes,1,Graduate,No,2212.0,1993.0,196.0,360,1,Semiurban,Y
Female,No,0,Graduate,No,3350.0,2000.0,100.0,180,1,Semiurban,Y
Male,Yes,0,Not Graduate,No,5801.0,0.0,78.0,360,1,Rural,Y
Female,No,3+,Graduate,No,4980.0,0.0,31.0,300,1,Semiurban,Y
Male,Yes,2,Not Graduate,No,6458.0,5244.0,43.0,360,1,Rural,N
Female,Yes,0,Graduate,No,2495.0,1298.0,87.0,360,1,Semiurban,Y
Female,Yes,3+,Graduate,Yes,5986.0,283.0,68.0,360,1,Rural,Y
Female,No,2,Not Graduate,No,7601.0,4033.0,165.0,360,1,Rural,Y
Male,No,3+,Graduate,Yes,6271.0,2079.0,67.0,360,1,Urban,Y
Male,Yes,2,Graduate,Yes,5506.0,2583.0,20.0,240,1,Urban,Y
Male,Yes,1,Graduate,No,4989.0,1365.0,77.0,480,1,Semiurban,Y
Male,Yes,2,Graduate,No,3363.0,1058.0,114.0,360,1,Semiurban,Y
Female,Yes,2,Not Graduate,No,5042.0,1312.0,106.0,240,1,Semiurban,Y
Male,No,2,Graduate,No,7971.0,0.0,244.0,300,0,Semiurban,Y
Female,Yes,0,Graduate,No,4938.0,1451.0,105.0,480,1,Rural,Y
Female,Yes,1,Not Graduate,No,3242.0,2103.0,202.0,360,1,Semiurban,Y
Male,Yes,0,Graduate,No,4117.0,4746.0,144.0,360,1,Semiurban,Y
Male,Yes,1,Graduate,No,5642.0,1746.0,142.0,240,1,Urban,Y
Female,No,0,Graduate,No,4378.0,0.0,91.0,300,1,Semiurban,Y
Male,No,0,Graduate,No,6268.0,1440.0,141.0,360,1,Urban,Y
Male,Yes,3+,Graduate,No,6350.0,6257.0,95.0,240,1,Semiurban,Y
Female,No,0,Graduate,No,7156.0,3073.0,156.0,120,0,Semiurban,N
Female,Yes,3+,Graduate,Yes,8332.0,221.0,130.0,360,1,Semiurban,Y
Male,Yes,0,Graduate,No,7391.0,2605.0,84.0,360,1,Semiurban,Y
Male,Yes,3+,Graduate,No,3145.0,339.0,209.0,360,1,Semiurban,Y
Male,Yes,1,Not Graduate,No,3212.0,0.0,173.0,240,1,Urban,Y
Female,Yes,2,Graduate,No,5033.0,1008.0,116.0,480,1,Urban,Y
Female,No,1,Graduate,No,4207.0,1756.0,154.0,360,1,Rural,Y
Female,No,1,Not Graduate,No,2696.0,0.0,140.0,360,1,Rural,N
Female,No,1,Graduate,No,4228.0,0.0,89.0,360,1,Urban,Y
Female,Yes,2,Graduate,No,4156.0,1618.0,150.0,360,1,Urban,Y
Male,Yes,1,Graduate,Yes,3722.0,906.0,105.0,360,1,Semiurban,Y
Male,Yes,2,Graduate,Yes,4505.0,2271.0,84.0,360,1,Semiurban,Y
Female,Yes,3+,Not Graduate,No,7793.0,0.0,40.0,360,1,Semiurban,Y
Female,Yes,1,Graduate,Yes,5638.0,2814.0,122.0,360,1,Urban,Y
Female,No,1,Graduate,No,10638.0,0.0,182.0,480,1,Semiurban,Y
Male,No,0,Graduate,No,5575.0,4393.0,100.0,360,1,Urban,Y
Male,No,1,Graduate,No,4562.0,0.0,309.0,360,0,Urban,N
Male,No,0,Graduate,No,5209.0,0.0,203.0,360,1,Urban,Y
Male,No,0,Graduate,No,5764.0,2310.0,230.0,360,1,Semiurban,Y
Female,No,3+,Graduate,No,6158.0,4429.0,197.0,360,0,Semiurban,N
Female,Yes,0,Graduate,No,9769.0,2136.0,265.0,360,1,Urban,N
Male,No,1,Graduate,No,3340.0,2557.0,94.0,360,1,Semiurban,Y
Male,No,3+,Graduate,No,7090.0,1630.0,20.0,120,0,Semiurban,N
Female,No,3+,Graduate,Yes,5657.0,0.0,116.0,360,1,Semiurban,Y
Male,No,0,Graduate,No,1744.0,767.0,181.0,360,1,Rural,Y
Female,Yes,0,Graduate,No,6896.0,0.0,155.0,360,1,Urban,Y
Female,No,1,Not Graduate,No,7989.0,0.0,163.0,360,1,Rural,Y
Male,Yes,2,Graduate,No,3314.0,2283.0,231.0,360,1,Semiurban,Y
Male,No,3+,Not Graduate,No,5180.0,0.0,170.0,360,1,Semiurban,Y
Female,No,0,Graduate,Yes,1500.0,2143.0,197.0,360,1,Semiurban,Y
Female,No,0,Not Graduate,No,2431.0,0.0,84.0,180,1,Urban,Y
Male,Yes,1,Graduate,Yes,7506.0,2104.0,74.0,360,0,Urban,N
Female,No,3+,Graduate,No,4174.0,769.0,250.0,360,1,Rural,Y
Female,No,0,Graduate,No,2761.0,3991.0,152.0,360,1,Semiurban,Y
Female,Yes,1,Graduate,No,5705.0,2150.0,104.0,360,1,Semiurban,Y
Male,Yes,0,Graduate,Yes,4051.0,3701.0,105.0,180,1,Semiurban,Y
Female,No,0,Graduate,No,4164.0,315.0,103.0,360,1,Urban,Y
Female,No,3+,Graduate,No,6827.0,1695.0,99.0,360,1,Urban,Y
Male,No,0,Graduate,Yes,2644.0,0.0,62.0,360,1,Semiurban,Y
Male,No,1,Graduate,Yes,3208.0,897.0,47.0,180,0,Semiurban,Y
Female,Yes,3+,Graduate,Yes,5539.0,1154.0,132.0,360,1,Semiurban,Y
Male,No,2,Graduate,No,7333.0,366.0,106.0,360,1,Semiurban,Y
Male,Yes,0,Graduate,No,7924.0,0.0,217.0,360,1,Semiurban,Y
Male,No,1,Graduate,No,3737.0,0.0,164.0,360,1,Rural,Y
Female,Yes,3+,Graduate,No,7262.0,0.0,162.0,300,1,Urban,Y
Female,No,1,Graduate,No,3475.0,0.0,97.0,360,1,Semiurban,Y
Male,Yes,2,Not Graduate,No,9218.0,2667.0,137.0,360,1,Semiurban,Y
Female,No,2,Graduate,No,2706.0,0.0,168.0,360,1,Urban,Y
Male,Yes,2,Graduate,No,8123.0,0.0,192.0,180,1,Urban,Y
Female,Yes,0,Not Graduate,No,3756.0,4645.0,139.0,360,1,Urban,Y
Female,No,3+,Not Graduate,No,9629.0,518.0,215.0,360,1,Urban,Y
Female,Yes,3+,Graduate,Yes,6501.0,2146.0,146.0,360,1,Semiurban,Y
Male,No,0,Not Graduate,No,2965.0,2692.0,197.0,360,1,Urban,N
Female,No,3+,Not Graduate,No,4051.0,2726.0,113.0,120,0,Semiurban,Y
Male,No,3+,Not Graduate,No,6919.0,0.0,27.0,360,0,Urban,N
Female,Yes,2,Graduate,No,7516.0,1207.0,162.0,360,0,Urban,N
Male,Yes,1,Graduate,No,5044.0,0.0,192.0,360,1,Urban,Y
Male,Yes,1,Graduate,No,5298.0,5759.0,182.0,180,1,Urban,N
Male,No,3+,Graduate,No,6868.0,0.0,172.0,360,0,Rural,N
Female,No,0,Graduate,No,5490.0,0.0,122.0,360,1,Urban,Y
Male,No,3+,Graduate,No,2354.0,0.0,93.0,300,1,Urban,Y
Female,No,3+,Graduate,No,3411.0,0.0,181.0,360,0,Urban,N
Male,Yes,2,Graduate,No,5717.0,3899.0,173.0,180,1,Semiurban,Y
Male,Yes,1,Not Graduate,No,7874.0,5718.0,109.0,240,1,Semiurban,Y
Female,Yes,2,Graduate,No,8755.0,791.0,217.0,360,1,Semiurban,Y
Male,Yes,0,Graduate,Yes,6915.0,0.0,88.0,360,1,Semiurban,Y
Female,Yes,3+,Not Graduate,No,5832.0,0.0,107.0,360,1,Semiurban,Y
Female,Yes,1,Not Graduate,No,6847.0,1185.0,251.0,180,1,Semiurban,Y
Male,Yes,0,Not Graduate,Yes,3733.0,1062.0,201.0,360,1,Rural,Y
Male,Yes,3+,Not Graduate,No,4863.0,493.0,122.0,360,1,Semiurban,N
Male,No,2,Not Graduate,No,3387.0,1976.0,164.0,360,1,Urban,Y
Female,No,2,Graduate,No,2453.0,2272.0,155.0,360,1,Semiurban,Y
Female,No,0,Graduate,No,5934.0,2149.0,20.0,360,1,Rural,Y
Male,Yes,3+,Graduate,Yes,5608.0,1063.0,86.0,360,1,Semiurban,Y
Male,Yes,2,Graduate,Yes,6713.0,0.0,142.0,300,1,Rural,Y
Male,Yes,3+,Not Graduate,No,6401.0,2732.0,122.0,360,1,Rural,Y
Male,Yes,3+,Graduate,No,5734.0,1621.0,161.0,180,1,Urban,Y
Female,No,0,Graduate,Yes,6425.0,3110.0,218.0,360,1,Semiurban,Y
Female,No,0,Graduate,No,5106.0,2943.0,124.0,300,1,Semiurban,Y
Male,Yes,3+,Graduate,Yes,6108.0,0.0,76.0,360,1,Semiurban,Y
Female,Yes,2,Graduate,No,3602.0,0.0,166.0,360,1,Semiurban,Y
Male,Yes,1,Graduate,No,6013.0,316.0,124.0,360,1,Rural,Y
Male,Yes,1,Not Graduate,No,6671.0,0.0,135.0,360,1,Semiurban,Y
Female,No,2,Graduate,Yes,3727.0,2884.0,126.0,360,1,Semiurban,Y
Female,No,3+,Not Graduate,No,5314.0,2197.0,291.0,300,1,Urban,Y
Female,No,0,Graduate,No,3828.0,3469.0,20.0,360,1,Semiurban,Y
Male,No,2,Graduate,No,4042.0,2274.0,120.0,360,1,Rural,Y
Male,No,3+,Graduate,No,2725.0,1955.0,145.0,240,1,Semiurban,Y
Male,No,1,Not Graduate,Yes,7985.0,3640.0,94.0,360,1,Urban,Y
Male,No,1,Graduate,No,7545.0,2399.0,203.0,360,1,Rural,Y
Female,No,3+,Not Graduate,No,6382.0,1716.0,198.0,120,1,Rural,Y
Female,Yes,0,Graduate,No,9539.0,4117.0,142.0,360,1,Semiurban,Y
Male,No,1,Graduate,No,4784.0,1796.0,127.0,240,1,Urban,Y
Female,No,1,Not Graduate,No,11870.0,1083.0,138.0,300,1,Semiurban,Y
Male,No,3+,Graduate,No,4699.0,176.0,138.0,360,1,Urban,Y
Female,No,0,Graduate,No,5761.0,2795.0,140.0,360,1,Urban,Y
Male,No,1,Not Graduate,No,4325.0,3703.0,133.0,360,1,Semiurban,Y
Male,No,0,Graduate,No,6019.0,1514.0,161.0,360,1,Rural,Y
Female,Yes,3+,Graduate,No,7038.0,3823.0,194.0,360,1,Semiurban,Y
Male,No,2,Graduate,No,4949.0,0.0,65.0,360,1,Rural,Y
Male,No,1,Graduate,No,9109.0,1506.0,77.0,360,1,Rural,Y
Male,No,1,Graduate,No,5726.0,1532.0,31.0,360,1,Urban,Y
Male,Yes,0,Graduate,No,5795.0,364.0,201.0,360,1,Urban,Y
Male,No,3+,Graduate,No,3200.0,5653.0,161.0,360,0,Semiurban,N
Male,Yes,2,Not Graduate,No,6121.0,1487.0,178.0,360,0,Semiurban,N
Female,Yes,1,Graduate,Yes,4905.0,907.0,52.0,240,1,Semiurban,Y
Female,No,1,Graduate,No,3862.0,1644.0,261.0,360,1,Semiurban,Y
Male,No,2,Graduate,No,3492.0,0.0,105.0,360,1,Semiurban,Y
Male,No,2,Not Graduate,Yes,11078.0,308.0,156.0,360,1,Semiurban,Y
Female,Yes,1,Graduate,No,4620.0,3272.0,201.0,360,1,Semiurban,Y
Female,No,1,Graduate,Yes,1995.0,531.0,81.0,360,1,Urban,Y
Female,No,2,Graduate,No,3664.0,191.0,109.0,300,1,Urban,Y
Female,No,2,Not Graduate,No,5087.0,3826.0,157.0,360,1,Urban,N
Female,No,2,Graduate,Yes,6403.0,3878.0,331.0,360,1,Rural,Y
Male,Yes,0,Graduate,No,6421.0,2479.0,165.0,120,1,Rural,Y
Male,No,1,Graduate,No,6689.0,826.0,249.0,180,1,Semiurban,Y
Female,Yes,2,Graduate,Yes,3781.0,1193.0,223.0,300,1,Urban,Y
Female,No,3+,Graduate,No,5949.0,233.0,169.0,360,0,Semiurban,N
Male,Yes,2,Graduate,No,3273.0,0.0,81.0,360,1,Urban,Y
Female,Yes,1,Graduate,No,3837.0,0.0,214.0,360,1,Semiurban,Y
Male,No,2,Graduate,No,3181.0,549.0,48.0,240,1,Urban,Y
Female,No,0,Not Graduate,No,2586.0,0.0,249.0,360,1,Rural,Y
Female,No,0,Graduate,No,7541.0,0.0,158.0,360,1,Urban,Y
Male,No,2,Graduate,No,6715.0,1973.0,20.0,360,1,Semiurban,Y
Male,No,3+,Not Graduate,No,7349.0,1999.0,123.0,360,0,Rural,N
Male,Yes,3+,Graduate,No,5286.0,4491.0,188.0,240,1,Semiurban,N
Female,Yes,2,Graduate,No,6909.0,464.0,130.0,360,1,Urban,Y
Female,Yes,0,Not Graduate,No,1500.0,2103.0,191.0,360,1,Rural,Y
Male,Yes,3+,Graduate,No,7099.0,2132.0,90.0,180,1,Semiurban,Y
Male,Yes,1,Graduate,No,5590.0,1168.0,60.0,360,1,Semiurban,Y
Female,No,1,Graduate,No,6580.0,2865.0,140.0,240,1,Semiurban,Y
Male,No,3+,Graduate,No,6036.0,2918.0,147.0,180,1,Rural,Y
Male,No,2,Graduate,No,3028.0,2157.0,122.0,360,1,Semiurban,Y
Male,Yes,2,Graduate,No,1904.0,1165.0,225.0,360,1,Semiurban,Y
Female,No,1,Graduate,No,3633.0,992.0,90.0,360,0,Semiurban,N
Female,No,3+,Graduate,No,6443.0,0.0,165.0,360,1,Urban,Y
Male,No,1,Graduate,Yes,6718.0,230.0,149.0,360,0,Semiurban,N
Female,Yes,2,Not Graduate,No,2191.0,543.0,44.0,180,1,Urban,Y
Female,Yes,3+,Not Graduate,No,3042.0,0.0,59.0,360,1,Semiurban,Y
Male,No,2,Not Graduate,No,3609.0,2348.0,146.0,360,1,Semiurban,N
Female,Yes,0,Graduate,No,4414.0,3634.0,274.0,360,0,Urban,N
Female,Yes,1,Graduate,No,2203.0,56.0,183.0,480,1,Semiurban,Y
Male,Yes,1,Graduate,No,2071.0,2082.0,33.0,360,1,Semiurban,Y
Male,No,3+,Graduate,No,3392.0,0.0,20.0,240,0,Urban,N
Female,No,2,Not Graduate,No,5390.0,1082.0,193.0,300,1,Urban,N
Female,Yes,1,Graduate,No,2603.0,426.0,139.0,360,1,Rural,Y
Male,Yes,2,Graduate,No,4945.0,2623.0,219.0,480,1,Rural,Y
Female,No,2,Not Graduate,Yes,7529.0,446.0,88.0,240,1,Semiurban,N
Female,No,1,Graduate,No,2336.0,3320.0,168.0,240,1,Urban,Y
Male,No,1,Graduate,No,4746.0,1182.0,200.0,360,1,Urban,Y
Female,Yes,3+,Graduate,No,7454.0,496.0,116.0,180,1,Urban,Y
Male,No,2,Graduate,No,4280.0,0.0,117.0,180,0,Semiurban,N
Female,Yes,0,Not Graduate,Yes,3938.0,2030.0,147.0,360,1,Rural,Y
Male,No,2,Graduate,No,7760.0,3122.0,180.0,360,1,Semiurban,Y
Male,Yes,2,Not Graduate,No,4526.0,2065.0,144.0,360,1,Urban,Y
Female,Yes,2,Not Graduate,No,7630.0,5406.0,208.0,360,1,Rural,Y
Male,Yes,2,Not Graduate,No,6144.0,4031.0,115.0,360,0,Semiurban,N
Female,Yes,3+,Graduate,No,4446.0,1077.0,59.0,360,1,Urban,Y
Male,No,1,Graduate,No,6255.0,1059.0,274.0,360,0,Semiurban,N
Female,Yes,1,Not Graduate,No,5905.0,2398.0,106.0,360,1,Urban,Y
Female,Yes,0,Graduate,No,7446.0,175.0,108.0,360,1,Rural,Y
Female,Yes,2,Graduate,No,3994.0,3583.0,141.0,360,1,Semiurban,Y
Male,No,1,Graduate,No,5291.0,2215.0,149.0,360,0,Semiurban,N
Male,No,1,Graduate,No,5065.0,2036.0,120.0,240,1,Semiurban,Y
Female,No,2,Not Graduate,No,6749.0,2768.0,144.0,480,1,Rural,Y
Female,No,1,Not Graduate,Yes,2945.0,4529.0,142.0,360,0,Semiurban,Y
Female,No,1,Graduate,Yes,7437.0,1891.0,156.0,360,1,Semiurban,Y
Male,No,1,Graduate,No,6226.0,1408.0,20.0,360,1,Urban,Y
Female,Yes,1,Not Graduate,No,2303.0,4165.0,267.0,360,1,Rural,Y
Male,No,0,Graduate,No,7858.0,3245.0,135.0,360,1,Semiurban,Y
Male,No,3+,Graduate,No,10115.0,1054.0,183.0,360,1,Urban,Y
Female,No,0,Not Graduate,No,7404.0,1609.0,55.0,360,1,Rural,N
Male,Yes,1,Graduate,Yes,8339.0,1932.0,114.0,360,1,Urban,Y
Female,No,2,Graduate,No,5388.0,2215.0,101.0,360,1,Urban,Y
Male,Yes,0,Graduate,No,1545.0,0.0,241.0,180,1,Semiurban,Y
Male,Yes,2,Graduate,No,1500.0,0.0,107.0,300,0,Urban,N
Male,No,2,Graduate,No,5761.0,91.0,194.0,480,1,Semiurban,N
Female,Yes,2,Graduate,No,3898.0,0.0,103.0,480,1,Urban,Y
Female,Yes,1,Graduate,Yes,3188.0,505.0,116.0,480,1,Urban,Y
Female,No,0,Graduate,No,5062.0,2679.0,129.0,180,1,Urban,Y
Female,Yes,3+,Not Graduate,No,6554.0,1313.0,228.0,360,1,Urban,Y
Female,No,1,Not Graduate,No,2004.0,1934.0,22.0,360,1,Rural,N
Female,Yes,3+,Graduate,Yes,4212.0,0.0,59.0,360,0,Semiurban,N
Female,Yes,0,Graduate,No,8522.0,815.0,20.0,180,1,Semiurban,Y
Male,No,0,Graduate,No,2834.0,2598.0,74.0,360,1,Semiurban,Y
Male,No,3+,Graduate,No,7113.0,2611.0,92.0,240,1,Semiurban,Y
Male,Yes,3+,Graduate,No,4134.0,368.0,40.0,360,0,Urban,N
Male,No,3+,Not Graduate,No,6401.0,1875.0,97.0,300,1,Urban,Y
Female,No,3+,Not Graduate,No,7614.0,5338.0,20.0,180,1,Semiurban,Y
Male,Yes,0,Graduate,No,6831.0,1570.0,79.0,180,1,Semiurban,Y
Male,No,3+,Not Graduate,Yes,7200.0,422.0,223.0,360,1,Semiurban,Y
Female,Yes,2,Not Graduate,No,2666.0,1305.0,171.0,360,0,Rural,N
Female,No,0,Graduate,No,7650.0,1757.0,157.0,480,1,Rural,Y
Female,No,0,Graduate,No,3324.0,1343.0,80.0,360,1,Urban,Y
Male,No,3+,Graduate,No,5771.0,1547.0,45.0,360,1,Urban,Y
Male,No,1,Not Graduate,Yes,5768.0,0.0,71.0,360,1,Urban,Y
Female,Yes,3+,Graduate,No,6267.0,0.0,142.0,360,1,Semiurban,Y
Male,Yes,0,Graduate,No,5941.0,1346.0,201.0,360,1,Rural,Y
Male,Yes,1,Not Graduate,No,3344.0,1319.0,204.0,360,1,Rural,Y
Male,No,1,Graduate,No,2230.0,637.0,186.0,360,1,Urban,Y
Female,No,1,Not Graduate,No,7119.0,1299.0,97.0,360,1,Rural,Y
Female,Yes,2,Graduate,No,5609.0,1704.0,147.0,360,1,Semiurban,Y
Female,No,3+,Not Graduate,Yes,7729.0,3112.0,124.0,360,1,Rural,Y
Female,No,3+,Not Graduate,Yes,5102.0,1431.0,132.0,300,1,Semiurban,Y
Female,No,2,Graduate,No,2109.0,2278.0,277.0,180,1,Urban,Y
Male,Yes,0,Graduate,No,7325.0,679.0,30.0,360,1,Urban,Y
Female,No,3+,Graduate,Yes,4385.0,2573.0,130.0,360,1,Rural,Y
Male,No,2,Graduate,No,5952.0,2239.0,224.0,360,1,Semiurban,Y
Male,Yes,2,Graduate,No,3776.0,3072.0,50.0,180,1,Semiurban,Y
Female,Yes,2,Not Graduate,No,8817.0,2813.0,103.0,480,1,Semiurban,Y
Male,Yes,3+,Graduate,No,3272.0,2601.0,111.0,480,1,Semiurban,Y
Male,Yes,3+,Graduate,No,4458.0,1433.0,130.0,360,1,Rural,Y
Male,No,2,Graduate,No,5436.0,2016.0,41.0,360,1,Urban,Y
Female,No,2,Graduate,No,2797.0,3408.0,184.0,360,1,Urban,N
Male,No,2,Graduate,No,5927.0,491.0,188.0,360,1,Semiurban,Y
Male,Yes,1,Graduate,No,8746.0,532.0,178.0,360,0,Semiurban,N
Female,No,1,Graduate,No,4121.0,1908.0,88.0,360,1,Urban,Y
Male,Yes,2,Not Graduate,No,6069.0,2306.0,151.0,360,1,Urban,Y
Female,No,0,Graduate,No,1500.0,199.0,87.0,360,1,Urban,Y
Female,Yes,1,Graduate,No,5114.0,1473.0,123.0,360,1,Urban,Y
Female,Yes,2,Not Graduate,No,4511.0,1440.0,285.0,360,1,Urban,Y
Male,No,3+,Graduate,No,3399.0,0.0,151.0,240,1,Urban,N
Male,Yes,2,Graduate,No,7579.0,1227.0,68.0,240,1,Semiurban,Y
Male,No,1,Graduate,Yes,4482.0,1333.0,157.0,360,1,Rural,Y
Female,No,1,Not Graduate,No,4810.0,1328.0,57.0,360,1,Rural,Y
Male,No,2,Graduate,No,4370.0,4007.0,67.0,360,1,Semiurban,Y
Male,No,2,Not Graduate,No,1500.0,0.0,77.0,360,1,Urban,Y
Male,Yes,0,Graduate,No,2710.0,198.0,116.0,360,0,Rural,N
Female,No,2,Graduate,Yes,7314.0,0.0,206.0,360,1,Semiurban,Y
Male,Yes,1,Graduate,No,1500.0,782.0,183.0,360,0,Semiurban,N
Female,No,2,Graduate,No,3514.0,927.0,179.0,360,0,Urban,N
Male,Yes,3+,Graduate,No,4321.0,733.0,74.0,360,1,Urban,Y
Male,Yes,3+,Graduate,No,9036.0,3483.0,110.0,360,1,Semiurban,Y
Male,No,2,Not Graduate,No,6891.0,3063.0,163.0,360,1,Semiurban,Y
Female,Yes,1,Graduate,No,3974.0,1732.0,104.0,360,0,Urban,Y
Male,No,1,Graduate,No,8070.0,970.0,127.0,360,1,Rural,Y
Male,No,0,Graduate,No,3571.0,3345.0,174.0,360,1,Semiurban,Y
Female,No,3+,Graduate,No,7420.0,1566.0,122.0,180,0,Semiurban,N
Female,No,3+,Graduate,No,2210.0,209.0,160.0,360,0,Urban,N
Female,No,3+,Graduate,No,7561.0,0.0,249.0,360,1,Semiurban,Y
Female,Yes,1,Graduate,No,4307.0,850.0,134.0,180,1,Semiurban,Y
Male,Yes,1,Graduate,No,2937.0,2883.0,222.0,360,1,Urban,Y
Female,Yes,3+,Not Graduate,No,4722.0,5470.0,181.0,360,0,Semiurban,Y
Male,No,2,Not Graduate,No,5810.0,1705.0,50.0,360,1,Semiurban,Y
Female,Yes,2,Graduate,No,4112.0,299.0,73.0,360,0,Rural,N
Female,Yes,1,Graduate,No,6419.0,0.0,91.0,360,1,Urban,Y
Female,Yes,1,Graduate,Yes,3917.0,2538.0,89.0,300,1,Rural,Y
Female,Yes,2,Not Graduate,No,6565.0,0.0,139.0,360,1,Semiurban,Y
Female,Yes,3+,Not Graduate,No,6173.0,2536.0,185.0,360,1,Urban,Y
Female,Yes,1,Not Graduate,Yes,5066.0,2990.0,227.0,360,1,Urban,Y
Female,Yes,3+,Graduate,No,4229.0,2342.0,165.0,360,1,Urban,Y
Male,Yes,0,Graduate,No,5533.0,1227.0,116.0,360,0,Urban,N
Male,Yes,1,Graduate,No,6411.0,2560.0,20.0,300,1,Semiurban,Y
Male,Yes,3+,Graduate,No,9736.0,1891.0,150.0,360,0,Semiurban,N
Female,No,3+,Graduate,No,7267.0,277.0,147.0,240,1,Urban,Y
Male,Yes,3+,Graduate,No,7347.0,4746.0,157.0,360,1,Rural,Y
Male,Yes,1,Not Graduate,Yes,11995.0,1002.0,282.0,360,1,Urban,Y
Male,Yes,3+,Graduate,Yes,6335.0,2919.0,226.0,360,1,Semiurban,Y
Female,No,3+,Graduate,No,6266.0,0.0,196.0,360,1,Rural,Y
Female,No,3+,Not Graduate,No,6749.0,3770.0,82.0,360,1,Rural,N
Female,No,0,Graduate,Yes,2980.0,4097.0,112.0,360,0,Semiurban,N
Male,Yes,2,Graduate,No,4223.0,1651.0,139.0,360,1,Semiurban,Y
Male,Yes,3+,Graduate,No,4086.0,2550.0,95.0,360,1,Urban,N
Male,Yes,3+,Not Graduate,No,6625.0,2549.0,178.0,360,1,Urban,Y
Male,No,0,Graduate,No,4817.0,507.0,168.0,240,1,Semiurban,Y
Male,No,3+,Graduate,No,5504.0,2530.0,74.0,360,0,Urban,Y
Female,No,0,Graduate,No,7592.0,225.0,223.0,360,1,Semiurban,Y
Female,No,1,Graduate,No,7099.0,565.0,152.0,360,1,Urban,Y
Female,No,2,Graduate,Yes,4844.0,3516.0,33.0,300,1,Rural,Y
Male,No,1,Graduate,No,3726.0,3257.0,142.0,360,0,Rural,N
Male,No,2,Graduate,Yes,7698.0,399.0,163.0,360,1,Rural,Y
Female,Yes,0,Not Graduate,No,6903.0,353.0,208.0,360,1,Semiurban,Y
Male,Yes,2,Graduate,Yes,1666.0,502.0,123.0,360,1,Urban,Y
Male,No,2,Graduate,No,4511.0,2845.0,199.0,360,1,Urban,Y
Male,Yes,2,Graduate,Yes,5564.0,0.0,157.0,360,0,Semiurban,Y
Female,Yes,1,Not Graduate,No,6913.0,2206.0,60.0,480,0,Semiurban,Y
Female,No,1,Graduate,No,7202.0,2870.0,53.0,300,0,Semiurban,N
Male,Yes,1,Graduate,No,5825.0,1450.0,218.0,240,1,Semiurban,Y
Female,No,1,Not Graduate,No,6488.0,3317.0,223.0,360,1,Semiurban,Y
Female,No,2,Graduate,No,5341.0,1083.0,166.0,480,1,Urban,Y
Female,Yes,1,Graduate,No,3718.0,1236.0,242.0,360,1,Urban,Y
Female,No,1,Graduate,No,4625.0,0.0,214.0,120,1,Semiurban,Y
Male,No,1,Graduate,No,5242.0,3329.0,189.0,360,1,Semiurban,Y
Female,No,0,Graduate,Yes,5124.0,297.0,86.0,180,1,Rural,Y
Male,Yes,2,Not Graduate,No,1500.0,2195.0,258.0,360,1,Semiurban,Y
Female,No,3+,Graduate,No,4326.0,1479.0,180.0,360,1,Semiurban,Y
Female,No,1,Graduate,Yes,5324.0,0.0,120.0,360,1,Rural,Y
Female,No,3+,Graduate,No,4581.0,565.0,102.0,360,1,Urban,Y
Female,Yes,2,Graduate,No,4657.0,3951.0,162.0,360,1,Semiurban,Y
Female,Yes,0,Graduate,No,6274.0,1943.0,36.0,360,1,Semiurban,Y
Female,No,1,Graduate,No,2826.0,0.0,190.0,180,1,Semiurban,Y
Female,Yes,0,Graduate,No,1618.0,2119.0,83.0,360,0,Urban,N
Female,Yes,0,Graduate,No,4434.0,1352.0,169.0,360,1,Rural,Y
Male,Yes,1,Graduate,No,6881.0,7472.0,111.0,360,1,Rural,Y
Female,Yes,1,Graduate,Yes,8913.0,2085.0,128.0,360,1,Urban,Y
Female,Yes,3+,Graduate,Yes,6921.0,953.0,96.0,360,1,Urban,Y
Male,Yes,0,Graduate,No,1970.0,4014.0,135.0,360,1,Urban,Y
Female,No,3+,Graduate,No,4689.0,0.0,268.0,240,1,Semiurban,Y
Female,Yes,0,Graduate,No,5765.0,1760.0,235.0,300,1,Semiurban,Y
Female,Yes,0,Graduate,No,5591.0,4991.0,168.0,360,1,Urban,Y
Female,Yes,2,Graduate,No,6386.0,1402.0,143.0,360,1,Rural,Y
Male,No,3+,Graduate,No,3182.0,0.0,200.0,240,1,Semiurban,Y
Female,Yes,2,Graduate,No,5343.0,927.0,218.0,240,1,Semiurban,Y
Male,No,0,Graduate,No,6125.0,4073.0,91.0,240,1,Semiurban,Y
Female,No,0,Not Graduate,No,7016.0,2239.0,140.0,360,0,Semiurban,N
Female,No,1,Graduate,No,3427.0,174.0,27.0,360,1,Semiurban,Y
Male,No,1,Graduate,No,4441.0,435.0,218.0,300,1,Urban,Y
Male,Yes,3+,Graduate,No,1500.0,649.0,279.0,360,0,Semiurban,Y
Male,No,1,Graduate,No,3833.0,2214.0,150.0,360,1,Rural,Y
Male,Yes,0,Graduate,No,4046.0,3875.0,20.0,360,1,Semiurban,Y
Male,No,3+,Not Graduate,No,2957.0,3389.0,185.0,300,1,Rural,N
Male,No,0,Graduate,No,5564.0,2375.0,86.0,360,1,Semiurban,Y
Male,No,0,Graduate,No,5077.0,0.0,102.0,480,1,Semiurban,Y
Male,No,1,Graduate,No,1500.0,0.0,186.0,360,1,Urban,Y
Female,Yes,1,Graduate,No,5674.0,2507.0,162.0,180,1,Semiurban,Y
Male,No,2,Graduate,No,3158.0,0.0,113.0,360,1,Urban,Y
Male,No,3+,Graduate,No,6269.0,1217.0,103.0,240,1,Urban,Y
Male,No,3+,Graduate,No,2380.0,2117.0,153.0,360,1,Urban,Y
Female,Yes,1,Not Graduate,No,5266.0,0.0,118.0,180,1,Urban,N
Male,No,3+,Graduate,No,4577.0,0.0,73.0,480,1,Rural,Y
Female,Yes,2,Graduate,Yes,5867.0,1440.0,123.0,360,0,Rural,N
Male,Yes,0,Not Graduate,No,5474.0,2456.0,167.0,360,1,Semiurban,N
Male,Yes,3+,Graduate,No,4639.0,3405.0,133.0,360,1,Urban,Y
Male,No,0,Graduate,No,1820.0,2632.0,53.0,120,1,Rural,Y
Male,Yes,2,Graduate,No,1950.0,1725.0,209.0,360,1,Semiurban,N
Female,Yes,3+,Graduate,No,3915.0,331.0,20.0,240,1,Urban,Y
Male,Yes,0,Graduate,No,5182.0,0.0,116.0,360,0,Semiurban,N
Male,No,1,Graduate,No,3862.0,732.0,105.0,360,1,Semiurban,Y
Female,Yes,1,Graduate,No,6575.0,2297.0,155.0,180,1,Urban,Y
Female,No,3+,Graduate,No,4586.0,2172.0,182.0,360,1,Semiurban,Y
Female,No,0,Graduate,No,3077.0,0.0,218.0,120,1,Semiurban,Y
Female,No,2,Graduate,No,4588.0,264.0,99.0,240,1,Urban,Y
Female,No,1,Graduate,No,5697.0,3648.0,183.0,360,0,Semiurban,N
Male,Yes,0,Not Graduate,No,5915.0,1735.0,158.0,360,1,Semiurban,Y
Female,Yes,2,Graduate,No,9332.0,0.0,34.0,360,1,Semiurban,Y
Male,Yes,3+,Graduate,No,3728.0,5605.0,269.0,360,1,Rural,Y
Male,No,2,Graduate,No,5038.0,1551.0,51.0,360,1,Rural,Y
Female,No,0,Graduate,No,6137.0,2253.0,172.0,360,1,Semiurban,Y
Female,No,0,Graduate,No,5148.0,2279.0,170.0,240,1,Semiurban,Y
Female,Yes,1,Graduate,No,4099.0,975.0,163.0,480,1,Semiurban,Y
Male,Yes,2,Graduate,No,1792.0,363.0,113.0,240,1,Semiurban,Y
Female,Yes,2,Not Graduate,No,4076.0,5207.0,199.0,360,1,Urban,N
Male,Yes,0,Graduate,No,2838.0,3305.0,44.0,360,1,Semiurban,Y
Female,Yes,2,Graduate,No,1500.0,2997.0,141.0,360,1,Semiurban,Y
Female,No,1,Not Graduate,No,3450.0,2580.0,108.0,360,1,Semiurban,Y
Female,Yes,2,Not Graduate,No,2896.0,0.0,101.0,360,1,Rural,Y
Female,No,3+,Graduate,No,6484.0,3772.0,173.0,360,1,Semiurban,Y
Female,Yes,2,Graduate,No,6522.0,167.0,215.0,360,1,Semiurban,Y
Male,Yes,0,Graduate,Yes,3211.0,2082.0,123.0,360,1,Urban,Y
Male,No,3+,Graduate,No,4627.0,0.0,196.0,360,1,Urban,Y
Male,No,0,Graduate,No,1500.0,0.0,148.0,120,1,Semiurban,Y
Female,Yes,3+,Not Graduate,No,4112.0,2141.0,87.0,360,1,Semiurban,Y
Male,Yes,0,Not Graduate,No,6078.0,225.0,128.0,360,0,Urban,N
Male,Yes,2,Graduate,No,7015.0,0.0,126.0,360,1,Urban,Y
Female,No,0,Graduate,No,3631.0,2519.0,100.0,240,1,Urban,Y
Female,Yes,0,Not Graduate,No,7514.0,5204.0,173.0,360,0,Semiurban,Y
Female,No,2,Not Graduate,No,1865.0,3962.0,160.0,360,1,Semiurban,Y
Female,Yes,2,Graduate,Yes,2455.0,1163.0,42.0,360,1,Semiurban,Y
Female,No,0,Graduate,No,6761.0,1615.0,38.0,180,1,Urban,Y
Male,Yes,3+,Not Graduate,No,8876.0,3109.0,173.0,480,1,Urban,Y
Female,No,1,Graduate,No,6286.0,3508.0,92.0,360,1,Urban,Y
Female,No,1,Graduate,No,5111.0,1016.0,165.0,360,1,Semiurban,Y
Female,Yes,1,Not Graduate,No,1500.0,1658.0,196.0,360,1,Urban,Y
Male,Yes,1,Not Graduate,No,1500.0,2111.0,62.0,360,0,Urban,N
Female,No,0,Not Graduate,No,5485.0,2542.0,53.0,360,1,Rural,Y
Female,Yes,1,Not Graduate,No,4412.0,1374.0,254.0,300,0,Semiurban,N
Female,Yes,0,Graduate,No,2767.0,1396.0,168.0,360,1,Rural,Y
Male,Yes,0,Graduate,No,5344.0,3946.0,118.0,360,1,Urban,Y
Female,Yes,1,Graduate,No,5453.0,3656.0,84.0,360,1,Urban,Y
Female,Yes,2,Graduate,No,7278.0,2412.0,112.0,360,1,Rural,Y
Female,Yes,3+,Graduate,No,5501.0,4522.0,68.0,360,1,Semiurban,Y
Male,Yes,1,Graduate,No,7902.0,943.0,202.0,240,0,Semiurban,N
Female,Yes,1,Graduate,No,5218.0,4359.0,95.0,360,0,Rural,N
Female,Yes,3+,Graduate,No,4946.0,2522.0,216.0,180,0,Semiurban,N
Male,Yes,2,Graduate,No,7541.0,7161.0,119.0,360,0,Urban,N
Female,No,3+,Graduate,No,3047.0,0.0,77.0,180,1,Semiurban,Y
Male,Yes,3+,Graduate,No,11392.0,428.0,117.0,360,1,Urban,Y
Female,Yes,3+,Graduate,No,6026.0,2312.0,20.0,360,1,Urban,Y
Male,Yes,3+,Not Graduate,No,6038.0,2275.0,137.0,360,1,Urban,Y
Female,No,1,Graduate,No,6355.0,4915.0,134.0,360,0,Rural,N
Female,Yes,1,Graduate,No,9330.0,464.0,199.0,360,1,Semiurban,Y
Female,Yes,1,Graduate,No,6944.0,3138.0,22.0,360,1,Urban,Y
Female,Yes,0,Graduate,No,1669.0,3576.0,221.0,180,1,Urban,Y
Female,Yes,2,Graduate,No,8288.0,2798.0,198.0,360,1,Semiurban,Y
Male,Yes,2,Graduate,No,4450.0,0.0,226.0,360,0,Rural,N
Male,Yes,3+,Graduate,No,5436.0,3993.0,142.0,360,1,Urban,Y
Female,No,0,Graduate,No,2386.0,3690.0,211.0,180,1,Urban,Y
Female,No,1,Graduate,Yes,6358.0,2619.0,49.0,360,1,Rural,Y
Male,Yes,0,Graduate,No,3767.0,1947.0,191.0,360,1,Rural,Y
Male,No,3+,Graduate,No,5420.0,1984.0,95.0,120,0,Rural,N
Female,No,1,Graduate,No,4575.0,1466.0,38.0,240,1,Urban,Y
Female,Yes,0,Graduate,No,9435.0,2689.0,72.0,360,1,Urban,Y
Male,Yes,2,Not Graduate,No,9561.0,1653.0,145.0,360,1,Semiurban,Y
Male,Yes,3+,Graduate,No,5302.0,158.0,91.0,360,1,Urban,Y
Male,No,3+,Graduate,No,5341.0,0.0,169.0,360,1,Rural,Y
Female,Yes,0,Graduate,No,4378.0,322.0,27.0,360,1,Urban,Y
Male,No,1,Graduate,No,7633.0,1978.0,20.0,360,1,Semiurban,Y
Female,Yes,0,Graduate,No,4476.0,1554.0,234.0,360,1,Rural,N
Male,No,1,Not Graduate,No,4273.0,1966.0,204.0,360,1,Rural,Y
Male,No,2,Not Graduate,No,7353.0,2451.0,77.0,360,1,Semiurban,Y
Female,Yes,1,Graduate,No,4016.0,534.0,145.0,180,1,Rural,Y
Female,Yes,0,Graduate,No,5117.0,4092.0,211.0,360,1,Urban,Y
Female,No,2,Not Graduate,No,1721.0,1145.0,172.0,480,1,Semiurban,Y
Female,Yes,0,Graduate,Yes,6749.0,863.0,155.0,480,1,Urban,Y
Female,Yes,0,Graduate,No,9470.0,2420.0,216.0,300,1,Rural,Y
Female,No,0,Graduate,No,6787.0,0.0,98.0,360,1,Rural,Y
Female,Yes,0,Graduate,No,8416.0,256.0,147.0,360,1,Urban,Y
Male,Yes,1,Graduate,No,3339.0,3268.0,144.0,240,1,Urban,Y
Male,Yes,3+,Graduate,Yes,5720.0,0.0,127.0,360,1,Semiurban,Y
Female,Yes,3+,Not Graduate,No,3125.0,3500.0,120.0,360,1,Urban,Y
Male,No,0,Graduate,No,4699.0,4169.0,150.0,360,1,Rural,Y
Female,No,0,Graduate,No,6899.0,972.0,147.0,360,1,Urban,Y
Female,Yes,1,Graduate,No,5424.0,2096.0,77.0,360,0,Semiurban,N
Male,Yes,2,Graduate,No,2092.0,3502.0,197.0,360,1,Semiurban,Y
Female,No,2,Graduate,No,2307.0,806.0,82.0,360,1,Semiurban,Y
Male,Yes,3+,Graduate,No,2161.0,3075.0,131.0,180,1,Urban,Y
Female,Yes,1,Graduate,No,6281.0,459.0,126.0,360,1,Rural,Y
Male,Yes,0,Graduate,Yes,9741.0,788.0,168.0,480,1,Semiurban,Y
Male,Yes,0,Graduate,No,8197.0,241.0,20.0,360,1,Semiurban,Y
Female,No,0,Graduate,No,1500.0,2183.0,203.0,240,1,Semiurban,Y
Female,Yes,0,Graduate,Yes,8326.0,3569.0,101.0,360,1,Rural,Y
Male,Yes,3+,Graduate,No,7260.0,1287.0,224.0,480,1,Rural,Y
Female,No,1,Graduate,No,1800.0,0.0,114.0,360,1,Rural,Y
Female,Yes,3+,Not Graduate,No,4533.0,0.0,142.0,360,1,Semiurban,Y
Male,No,2,Graduate,No,7610.0,2271.0,269.0,360,1,Rural,Y
Female,Yes,2,Graduate,No,6411.0,4735.0,127.0,360,1,Urban,Y
Female,Yes,1,Graduate,No,2320.0,2269.0,226.0,360,1,Semiurban,Y
Male,Yes,3+,Graduate,No,6544.0,942.0,148.0,360,1,Semiurban,Y
Female,No,0,Graduate,No,1500.0,2903.0,172.0,360,1,Semiurban,Y
Female,No,0,Graduate,No,4710.0,1193.0,150.0,360,1,Rural,Y
Female,Yes,1,Graduate,Yes,7704.0,957.0,200.0,240,1,Rural,Y
Female,Yes,1,Graduate,No,5240.0,0.0,100.0,360,1,Semiurban,Y
Female,Yes,2,Graduate,No,4102.0,3994.0,81.0,240,1,Semiurban,Y
Male,No,2,Graduate,No,7157.0,0.0,103.0,180,1,Rural,Y
Female,Yes,2,Not Graduate,No,7344.0,2956.0,151.0,360,1,Rural,Y
Male,No,1,Not Graduate,No,8082.0,812.0,131.0,360,1,Semiurban,Y
Female,No,1,Graduate,No,7124.0,902.0,191.0,360,1,Urban,Y
Male,No,3+,Not Graduate,No,7579.0,4477.0,230.0,360,1,Urban,N
Male,Yes,0,Graduate,No,6812.0,386.0,82.0,360,1,Rural,Y
Male,Yes,2,Not Graduate,Yes,5784.0,444.0,97.0,360,1,Semiurban,Y
Female,Yes,2,Not Graduate,No,5397.0,1378.0,52.0,360,1,Semiurban,Y
Male,No,3+,Graduate,No,4678.0,2304.0,277.0,120,1,Semiurban,Y
Male,No,2,Graduate,No,2533.0,849.0,165.0,360,0,Semiurban,N
Female,No,1,Not Graduate,Yes,3098.0,0.0,176.0,240,1,Semiurban,N
Female,Yes,1,Not Graduate,No,4580.0,128.0,58.0,180,1,Rural,Y
Male,Yes,1,Not Graduate,No,5731.0,3778.0,145.0,240,1,Urban,Y
Female,No,1,Graduate,No,8370.0,1727.0,178.0,360,1,Semiurban,Y
Male,No,0,Graduate,No,5108.0,2367.0,129.0,360,0,Semiurban,N
Male,No,2,Not Graduate,No,7408.0,1156.0,215.0,480,1,Rural,Y
Female,No,0,Graduate,No,7574.0,479.0,295.0,480,1,Urban,Y
Male,Yes,2,Graduate,No,4691.0,4452.0,83.0,360,1,Semiurban,Y
Female,Yes,3+,Graduate,No,6508.0,1280.0,79.0,240,1,Urban,Y
Female,Yes,3+,Graduate,Yes,4664.0,846.0,88.0,360,0,Urban,N
Female,No,0,Graduate,No,8109.0,3463.0,249.0,360,1,Semiurban,Y
Male,No,3+,Graduate,Yes,6599.0,372.0,213.0,360,1,Urban,Y
Female,Yes,0,Graduate,No,2581.0,589.0,136.0,240,0,Rural,N
Female,No,1,Graduate,No,5555.0,1617.0,147.0,240,1,Rural,Y
Male,No,0,Not Graduate,No,8826.0,1600.0,92.0,480,1,Urban,Y
Male,No,0,Graduate,No,4801.0,2041.0,203.0,300,1,Rural,Y
Male,No,0,Graduate,No,6185.0,5156.0,120.0,360,1,Semiurban,Y
Female,Yes,0,Graduate,No,6401.0,2172.0,128.0,360,1,Semiurban,Y
Female,Yes,3+,Not Graduate,No,2919.0,0.0,185.0,240,1,Rural,Y
Male,No,0,Graduate,No,6324.0,2155.0,133.0,120,1,Semiurban,Y
Female,No,1,Graduate,Yes,2134.0,1664.0,130.0,480,1,Urban,Y
Female,Yes,2,Graduate,No,3824.0,1674.0,146.0,360,1,Urban,Y
Female,Yes,3+,Graduate,No,7567.0,2018.0,197.0,360,0,Semiurban,N
Male,No,3+,Graduate,No,5985.0,1551.0,252.0,360,1,Rural,Y
Male,No,0,Not Graduate,No,4530.0,1511.0,183.0,300,1,Semiurban,Y
Male,Yes,3+,Graduate,No,6182.0,2642.0,197.0,360,1,Semiurban,Y
Female,No,2,Graduate,Yes,5068.0,678.0,132.0,360,1,Urban,Y
Female,Yes,0,Not Graduate,Yes,5228.0,0.0,99.0,120,1,Rural,Y
Female,Yes,1,Graduate,Yes,6645.0,6740.0,188.0,360,1,Urban,Y
Male,No,3+,Not Graduate,No,3600.0,383.0,156.0,480,1,Semiurban,Y
Male,Yes,1,Graduate,No,5289.0,1770.0,53.0,360,1,Semiurban,Y
Male,No,0,Graduate,No,4513.0,0.0,124.0,360,0,Urban,N
Female,Yes,3+,Not Graduate,No,1712.0,1798.0,140.0,360,1,Urban,Y
Male,No,3+,Graduate,No,3175.0,14.0,112.0,240,1,Semiurban,Y
Female,Yes,3+,Graduate,No,8650.0,848.0,241.0,360,1,Urban,Y
Female,No,3+,Not Graduate,No,6046.0,3377.0,176.0,360,1,Semiurban,Y
Male,Yes,3+,Graduate,No,2288.0,2402.0,234.0,360,1,Rural,Y
Male,No,1,Graduate,No,1811.0,2566.0,162.0,360,1,Urban,Y
Male,Yes,0,Graduate,Yes,4953.0,0.0,150.0,360,1,Semiurban,Y
Female,Yes,2,Graduate,No,8635.0,4723.0,84.0,300,1,Urban,Y
Female,Yes,0,Graduate,No,4789.0,0.0,146.0,120,0,Urban,N
Male,No,1,Graduate,No,8075.0,4199.0,146.0,180,1,Semiurban,Y
Male,Yes,2,Graduate,No,5974.0,3337.0,56.0,240,1,Semiurban,Y
Female,No,3+,Graduate,No,6237.0,2581.0,110.0,360,1,Semiurban,Y
Male,No,1,Graduate,No,2261.0,147.0,124.0,360,1,Urban,Y
Male,No,1,Not Graduate,No,7263.0,1858.0,172.0,360,0,Semiurban,Y
Male,No,2,Graduate,No,4463.0,799.0,175.0,360,1,Semiurban,Y
